Country,Warm and Sunny Climate,Near or On the Water,Engage in Outdoor Activities,Vibrant Nightlife and Modern Amenities
Belgium,No,Yes,Yes,Yes
Thailand,Yes,Yes,Yes,Yes
Malaysia,Yes,Yes,Yes,Yes
Qatar,Yes,Yes,No,Yes
Rome,Yes,Yes,No,Yes
Turkey,Yes,Yes,Yes,Yes
Argentina,Yes,Yes,Yes,Yes
Taiwan,No,Yes,Yes,Yes
Brazil,Yes,Yes,Yes,Yes
Netherlands,No,Yes,Yes,Yes
China,No,Yes,Yes,Yes
United States,Yes,Yes,Yes,Yes
Zurich,No,Yes,Yes,Yes
Morocco,Yes,Yes,Yes,No
Indonesia,Yes,Yes,Yes,Yes
Canada,No,Yes,Yes,Yes
Russia,No,Yes,Yes,No
South Africa,Yes,Yes,Yes,Yes
Peru,Yes,Yes,Yes,No
Austria,No,Yes,Yes,Yes
Columbia,Yes,Yes,No,No
Greece,Yes,Yes,Yes,Yes
Ethiopia,Yes,No,No,No
Egypt,Yes,Yes,No,No
Singapore,No,Yes,Yes,Yes
Philippines,Yes,Yes,Yes,Yes
Spain,Yes,Yes,Yes,Yes
Chile,Yes,Yes,Yes,No
Kenya,Yes,Yes,Yes,No
Portugal,Yes,Yes,Yes,Yes
Vietnam,Yes,Yes,Yes,Yes
Sweden,No,Yes,Yes,No
South Korea,No,No,Yes,Yes
Mexico,Yes,Yes,Yes,Yes
Japan,No,Yes,Yes,Yes
Italy,Yes,Yes,Yes,Yes
Algeria,Yes,Yes,No,No
Dublin,No,Yes,No,Yes
Norway,No,Yes,Yes,No
United Arab Emirates,Yes,Yes,No,Yes
Denmark,No,Yes,Yes,No
India,Yes,Yes,Yes,Yes
Germany,No,Yes,Yes,Yes
France,Yes,Yes,Yes,Yes
Australia,Yes,Yes,Yes,Yes
Panama,Yes,Yes,No,No
United Kingdom,No,Yes,Yes,Yes
